Status,project_id,project_value,project_contract_start_date,project_completion_date,payee_id,payee_contract_type,trade_work_type,payee_contract_value,payee_retention_type,payee_retention_percentage,payee_max_retention_percentage,payment_amount,retention_balance,payment_date,contract_percent_paid,payee_contract_start_date,payee_contract_completion_date,payee_defects_end_date
,P0002,"$3,673,273.00",23/10/2023,30/10/2025,O870,BUILDER,,"$3,673,273.00",CASH_RETENTION,,,"-$6,557.18",$0.00,9/05/2025,,23/10/2023,30/10/2025,30/10/2026
,P0002,"$3,673,273.00",23/10/2023,30/10/2025,,,,,,,,$104.70,$0.00,1/05/2025,,,,
,P0002,"$3,673,273.00",23/10/2023,30/10/2025,K103,CONTRACT,Water proofing,"$20,000.00",CASH_RETENTION,0,0,"-$15,950.00",$0.00,23/04/2025,159,29/03/2025,31/05/2025,30/06/2025
,P0002,"$3,673,273.00",23/10/2023,30/10/2025,U653,CONTRACT,Landscaper,"$40,000.00",CASH_RETENTION,0,0,"-$20,798.89",$0.00,23/04/2025,262,29/01/2025,31/03/2025,31/03/2025
,P0002,"$3,673,273.00",23/10/2023,30/10/2025,X354,CONTRACT,Painting,"$80,000.00",CASH_RETENTION,0,0,"-$15,026.00",$0.00,23/04/2025,115,23/10/2023,23/10/2023,30/07/2025
,P0002,"$3,673,273.00",23/10/2023,30/10/2025,V765,CONTRACT,Scaffolding,"$50,000.00",CASH_RETENTION,0,0,"-$4,290.00",$0.00,23/04/2025,102,25/07/2024,31/12/2024,31/12/2024
,P0002,"$3,673,273.00",23/10/2023,30/10/2025,H555,CONTRACT,Other,"$10,000.00",CASH_RETENTION,0,0,-$440.00,$0.00,23/04/2025,170,2/02/2024,2/02/2024,2/02/2024
,P0002,"$3,673,273.00",23/10/2023,30/10/2025,U607,CONTRACT,Rendering,"$65,000.00",CASH_RETENTION,0,0,"-$18,458.00",$0.00,23/04/2025,133,13/12/2024,28/02/2025,28/02/2025
,P0002,"$3,673,273.00",23/10/2023,30/10/2025,O870,BUILDER,,"$3,673,273.00",CASH_RETENTION,,,"-$26,276.03",$0.00,23/04/2025,,23/10/2023,30/10/2025,30/10/2026
,P0002,"$3,673,273.00",23/10/2023,30/10/2025,D237,CONTRACT,Electrician,"$452,229.80",CASH_RETENTION,0,0,"-$12,623.86",$0.00,23/04/2025,103,23/07/2024,30/11/2024,30/11/2024
,P0002,"$3,673,273.00",23/10/2023,30/10/2025,,,,,,,,"$293,861.84",$0.00,17/04/2025,,,,
,P0002,"$3,673,273.00",23/10/2023,30/10/2025,K103,CONTRACT,Water proofing,"$20,000.00",CASH_RETENTION,0,0,"-$15,950.00",$0.00,9/04/2025,159,29/03/2025,31/05/2025,30/06/2025
,P0002,"$3,673,273.00",23/10/2023,30/10/2025,U653,CONTRACT,Landscaper,"$40,000.00",CASH_RETENTION,0,0,"-$4,950.00",$0.00,9/04/2025,262,29/01/2025,31/03/2025,31/03/2025
,P0002,"$3,673,273.00",23/10/2023,30/10/2025,O870,BUILDER,,"$3,673,273.00",CASH_RETENTION,,,"-$6,270.00",$0.00,9/04/2025,,23/10/2023,30/10/2025,30/10/2026
,P0002,"$3,673,273.00",23/10/2023,30/10/2025,R415,PO,Frame and Trusses,"$20,000.00",CASH_RETENTION,0,0,"-$14,067.26",$0.00,1/04/2025,411,6/06/2024,6/06/2024,6/06/2024
,P0002,"$3,673,273.00",23/10/2023,30/10/2025,S712,CONTRACT,Skip Bins,"$15,000.00",CASH_RETENTION,0,0,"-$4,092.00",$0.00,1/04/2025,156,1/12/2024,31/03/2025,31/03/2025
,P0002,"$3,673,273.00",23/10/2023,30/10/2025,U653,CONTRACT,Landscaper,"$40,000.00",CASH_RETENTION,0,0,"-$3,283.50",$0.00,1/04/2025,262,29/01/2025,31/03/2025,31/03/2025
,P0002,"$3,673,273.00",23/10/2023,30/10/2025,X354,CONTRACT,Painting,"$80,000.00",CASH_RETENTION,0,0,"-$12,567.50",$0.00,1/04/2025,115,23/10/2023,23/10/2023,30/07/2025
,P0002,"$3,673,273.00",23/10/2023,30/10/2025,O870,BUILDER,,"$3,673,273.00",CASH_RETENTION,,,"-$10,203.08",$0.00,1/04/2025,,23/10/2023,30/10/2025,30/10/2026
,P0002,"$3,673,273.00",23/10/2023,30/10/2025,,,,,,,,$166.12,$0.00,1/04/2025,,,,
,P0002,"$3,673,273.00",23/10/2023,30/10/2025,Q726,CONTRACT,Blind / curtain,"$20,000.00",CASH_RETENTION,0,0,"-$9,263.00",$0.00,25/03/2025,46,21/03/2025,30/04/2025,31/05/2025
,P0002,"$3,673,273.00",23/10/2023,30/10/2025,U064,CONTRACT,Lifts,"$94,250.00",CASH_RETENTION,0,0,"-$10,367.50",$0.00,25/03/2025,110,17/05/2024,30/11/2024,30/11/2024
,P0002,"$3,673,273.00",23/10/2023,30/10/2025,W763,PO,Tiling,"$50,000.00",CASH_RETENTION,0,0,"-$15,662.41",$0.00,25/03/2025,31,19/03/2025,19/03/2025,19/03/2025
,P0002,"$3,673,273.00",23/10/2023,30/10/2025,O870,BUILDER,,"$3,673,273.00",CASH_RETENTION,,,"-$10,587.87",$0.00,25/03/2025,,23/10/2023,30/10/2025,30/10/2026
,P0002,"$3,673,273.00",23/10/2023,30/10/2025,K232,CONTRACT,Tiling,"$60,000.00",CASH_RETENTION,0,0,"-$19,800.00",$0.00,18/03/2025,33,14/03/2025,14/03/2025,14/03/2025
,P0002,"$3,673,273.00",23/10/2023,30/10/2025,O870,BUILDER,,"$3,673,273.00",CASH_RETENTION,,,"-$5,940.00",$0.00,18/03/2025,,23/10/2023,30/10/2025,30/10/2026
,P0002,"$3,673,273.00",23/10/2023,30/10/2025,B820,CONTRACT,Carpet Layer,"$50,000.00",CASH_RETENTION,0,0,"-$3,987.50",$0.00,14/03/2025,99,12/06/2024,12/06/2024,31/10/2024
,P0002,"$3,673,273.00",23/10/2023,30/10/2025,U653,CONTRACT,Landscaper,"$40,000.00",CASH_RETENTION,0,0,"-$4,620.00",$0.00,14/03/2025,262,29/01/2025,31/03/2025,31/03/2025
,P0002,"$3,673,273.00",23/10/2023,30/10/2025,U607,CONTRACT,Rendering,"$65,000.00",CASH_RETENTION,0,0,"-$10,010.00",$0.00,14/03/2025,133,13/12/2024,28/02/2025,28/02/2025
,P0002,"$3,673,273.00",23/10/2023,30/10/2025,O870,BUILDER,,"$3,673,273.00",CASH_RETENTION,,,"-$38,585.25",$0.00,14/03/2025,,23/10/2023,30/10/2025,30/10/2026
,P0002,"$3,673,273.00",23/10/2023,30/10/2025,D237,CONTRACT,Electrician,"$452,229.80",CASH_RETENTION,0,0,"-$110,000.00",$0.00,14/03/2025,103,23/07/2024,30/11/2024,30/11/2024
,P0002,"$3,673,273.00",23/10/2023,30/10/2025,D870,CONTRACT,Plastering,"$15,000.00",CASH_RETENTION,0,0,"-$22,828.30",$0.00,5/03/2025,1495,8/10/2024,31/12/2024,31/12/2025
,P0002,"$3,673,273.00",23/10/2023,30/10/2025,O870,BUILDER,,"$3,673,273.00",CASH_RETENTION,,,"-$6,848.49",$0.00,5/03/2025,,23/10/2023,30/10/2025,30/10/2026
,P0002,"$3,673,273.00",23/10/2023,30/10/2025,S104,CONTRACT,Balustrades,"$25,000.00",CASH_RETENTION,0,0,"-$20,065.10",$0.00,5/03/2025,80,26/02/2025,30/04/2025,30/04/2026
,P0002,"$3,673,273.00",23/10/2023,30/10/2025,O870,BUILDER,,"$3,673,273.00",CASH_RETENTION,,,"-$6,019.53",$0.00,5/03/2025,,23/10/2023,30/10/2025,30/10/2026
,P0002,"$3,673,273.00",23/10/2023,30/10/2025,,,,,,,,$217.44,$0.00,1/03/2025,,,,
,P0002,"$3,673,273.00",23/10/2023,30/10/2025,U437,CONTRACT,Fire Services,"$70,000.00",CASH_RETENTION,0,0,"-$29,225.00",$0.00,28/02/2025,139,17/12/2024,31/01/2025,17/12/2024
,P0002,"$3,673,273.00",23/10/2023,30/10/2025,O870,BUILDER,,"$3,673,273.00",CASH_RETENTION,,,"-$8,767.50",$0.00,28/02/2025,,23/10/2023,30/10/2025,30/10/2026
,P0002,"$3,673,273.00",23/10/2023,30/10/2025,R415,PO,Frame and Trusses,"$20,000.00",CASH_RETENTION,0,0,"-$8,814.16",$0.00,28/02/2025,411,6/06/2024,6/06/2024,6/06/2024
,P0002,"$3,673,273.00",23/10/2023,30/10/2025,S712,CONTRACT,Skip Bins,"$15,000.00",CASH_RETENTION,0,0,"-$2,948.00",$0.00,28/02/2025,156,1/12/2024,31/03/2025,31/03/2025
,P0002,"$3,673,273.00",23/10/2023,30/10/2025,F780,PO,Bathroom Fixtures and Fittings,"$20,000.00",CASH_RETENTION,0,0,-$119.32,$0.00,28/02/2025,174,6/06/2024,31/12/2024,31/12/2024
,P0002,"$3,673,273.00",23/10/2023,30/10/2025,O870,BUILDER,,"$3,673,273.00",CASH_RETENTION,,,"-$3,564.44",$0.00,28/02/2025,,23/10/2023,30/10/2025,30/10/2026
,P0002,"$3,673,273.00",23/10/2023,30/10/2025,L756,CONTRACT,Kitchen Joinery / Wardrobes,"$112,000.00",CASH_RETENTION,0,0,"-$24,944.21",$0.00,19/02/2025,80,23/10/2023,23/10/2023,29/08/2025
,P0002,"$3,673,273.00",23/10/2023,30/10/2025,U653,CONTRACT,Landscaper,"$40,000.00",CASH_RETENTION,0,0,"-$24,024.00",$0.00,19/02/2025,262,29/01/2025,31/03/2025,31/03/2025
,P0002,"$3,673,273.00",23/10/2023,30/10/2025,X354,CONTRACT,Painting,"$80,000.00",CASH_RETENTION,0,0,"-$9,900.00",$0.00,19/02/2025,115,23/10/2023,23/10/2023,30/07/2025
,P0002,"$3,673,273.00",23/10/2023,30/10/2025,U607,CONTRACT,Rendering,"$65,000.00",CASH_RETENTION,0,0,"-$15,515.50",$0.00,19/02/2025,133,13/12/2024,28/02/2025,28/02/2025
,P0002,"$3,673,273.00",23/10/2023,30/10/2025,O870,BUILDER,,"$3,673,273.00",CASH_RETENTION,,,"-$22,315.11",$0.00,19/02/2025,,23/10/2023,30/10/2025,30/10/2026
,P0002,"$3,673,273.00",23/10/2023,30/10/2025,U437,CONTRACT,Fire Services,"$70,000.00",CASH_RETENTION,0,0,"-$20,000.00",$0.00,19/02/2025,139,17/12/2024,31/01/2025,17/12/2024
,P0002,"$3,673,273.00",23/10/2023,30/10/2025,D870,CONTRACT,Plastering,"$15,000.00",CASH_RETENTION,0,0,"-$13,750.00",$0.00,19/02/2025,1495,8/10/2024,31/12/2024,31/12/2025
,P0002,"$3,673,273.00",23/10/2023,30/10/2025,O870,BUILDER,,"$3,673,273.00",CASH_RETENTION,,,"-$10,125.00",$0.00,19/02/2025,,23/10/2023,30/10/2025,30/10/2026
,P0002,"$3,673,273.00",23/10/2023,30/10/2025,,,,,,,,"$550,990.95",$0.00,15/02/2025,,,,
,P0002,"$3,673,273.00",23/10/2023,30/10/2025,S712,CONTRACT,Skip Bins,"$15,000.00",CASH_RETENTION,0,0,"-$4,191.00",$0.00,12/02/2025,156,1/12/2024,31/03/2025,31/03/2025
,P0002,"$3,673,273.00",23/10/2023,30/10/2025,U607,CONTRACT,Rendering,"$65,000.00",CASH_RETENTION,0,0,"-$9,080.50",$0.00,12/02/2025,133,13/12/2024,28/02/2025,28/02/2025
,P0002,"$3,673,273.00",23/10/2023,30/10/2025,O870,BUILDER,,"$3,673,273.00",CASH_RETENTION,,,"-$3,981.45",$0.00,12/02/2025,,23/10/2023,30/10/2025,30/10/2026
,P0002,"$3,673,273.00",23/10/2023,30/10/2025,D870,CONTRACT,Plastering,"$15,000.00",CASH_RETENTION,0,0,"-$28,458.65",$0.00,8/02/2025,1495,8/10/2024,31/12/2024,31/12/2025
,P0002,"$3,673,273.00",23/10/2023,30/10/2025,V765,CONTRACT,Scaffolding,"$50,000.00",CASH_RETENTION,0,0,"-$1,100.00",$0.00,8/02/2025,102,25/07/2024,31/12/2024,31/12/2024
,P0002,"$3,673,273.00",23/10/2023,30/10/2025,O870,BUILDER,,"$3,673,273.00",CASH_RETENTION,,,"-$8,867.59",$0.00,8/02/2025,,23/10/2023,30/10/2025,30/10/2026
,P0002,"$3,673,273.00",23/10/2023,30/10/2025,U653,CONTRACT,Landscaper,"$40,000.00",CASH_RETENTION,0,0,"-$3,858.31",$0.00,5/02/2025,262,29/01/2025,31/03/2025,31/03/2025
,P0002,"$3,673,273.00",23/10/2023,30/10/2025,O870,BUILDER,,"$3,673,273.00",CASH_RETENTION,,,"-$34,157.49",$0.00,5/02/2025,,23/10/2023,30/10/2025,30/10/2026
,P0002,"$3,673,273.00",23/10/2023,30/10/2025,D237,CONTRACT,Electrician,"$452,229.80",CASH_RETENTION,0,0,"-$110,000.00",$0.00,5/02/2025,103,23/07/2024,30/11/2024,30/11/2024
,P0002,"$3,673,273.00",23/10/2023,30/10/2025,,,,,,,,$286.87,$0.00,1/02/2025,,,,
,P0002,"$3,673,273.00",23/10/2023,30/10/2025,R415,PO,Frame and Trusses,"$20,000.00",CASH_RETENTION,0,0,"-$24,498.55",$0.00,30/01/2025,411,6/06/2024,6/06/2024,6/06/2024
,P0002,"$3,673,273.00",23/10/2023,30/10/2025,F780,PO,Bathroom Fixtures and Fittings,"$20,000.00",CASH_RETENTION,0,0,-$715.90,$0.00,30/01/2025,174,6/06/2024,31/12/2024,31/12/2024
,P0002,"$3,673,273.00",23/10/2023,30/10/2025,U607,CONTRACT,Rendering,"$65,000.00",CASH_RETENTION,0,0,"-$8,222.50",$0.00,30/01/2025,133,13/12/2024,28/02/2025,28/02/2025
,P0002,"$3,673,273.00",23/10/2023,30/10/2025,O870,BUILDER,,"$3,673,273.00",CASH_RETENTION,,,"-$10,156.24",$0.00,30/01/2025,,23/10/2023,30/10/2025,30/10/2026
,P0002,"$3,673,273.00",23/10/2023,30/10/2025,F444,CONTRACT,Frame and Trusses,"$114,566.49",CASH_RETENTION,0,0,-$417.19,$0.00,30/01/2025,107,21/03/2024,21/03/2024,30/06/2024
,P0002,"$3,673,273.00",23/10/2023,30/10/2025,D870,CONTRACT,Plastering,"$15,000.00",CASH_RETENTION,0,0,"-$49,372.62",$0.00,25/01/2025,1495,8/10/2024,31/12/2024,31/12/2025
,P0002,"$3,673,273.00",23/10/2023,30/10/2025,O870,BUILDER,,"$3,673,273.00",CASH_RETENTION,,,"-$14,811.79",$0.00,25/01/2025,,23/10/2023,30/10/2025,30/10/2026
,P0002,"$3,673,273.00",23/10/2023,30/10/2025,U607,CONTRACT,Rendering,"$65,000.00",CASH_RETENTION,0,0,"-$9,080.50",$0.00,17/01/2025,133,13/12/2024,28/02/2025,28/02/2025
,P0002,"$3,673,273.00",23/10/2023,30/10/2025,O870,BUILDER,,"$3,673,273.00",CASH_RETENTION,,,"-$2,724.15",$0.00,17/01/2025,,23/10/2023,30/10/2025,30/10/2026
,P0002,"$3,673,273.00",23/10/2023,30/10/2025,O870,BUILDER,,"$3,673,273.00",CASH_RETENTION,,,"-$11,628.05",$0.00,10/01/2025,,23/10/2023,30/10/2025,30/10/2026
,P0002,"$3,673,273.00",23/10/2023,30/10/2025,E681,CONTRACT,Tiling,"$40,000.00",CASH_RETENTION,0,0,"-$38,760.15",$0.00,10/01/2025,96,1/11/2024,28/02/2025,28/02/2025
,P0002,"$3,673,273.00",23/10/2023,30/10/2025,D870,CONTRACT,Plastering,"$15,000.00",CASH_RETENTION,0,0,"-$33,000.00",$0.00,10/01/2025,1495,8/10/2024,31/12/2024,31/12/2025
,P0002,"$3,673,273.00",23/10/2023,30/10/2025,O870,BUILDER,,"$3,673,273.00",CASH_RETENTION,,,"-$9,900.00",$0.00,10/01/2025,,23/10/2023,30/10/2025,30/10/2026
,P0002,"$3,673,273.00",23/10/2023,30/10/2025,,,,,,,,$407.78,$0.00,1/01/2025,,,,
,P0002,"$3,673,273.00",23/10/2023,30/10/2025,U607,CONTRACT,Rendering,"$65,000.00",CASH_RETENTION,0,0,"-$7,650.50",$0.00,21/12/2024,133,13/12/2024,28/02/2025,28/02/2025
,P0002,"$3,673,273.00",23/10/2023,30/10/2025,O870,BUILDER,,"$3,673,273.00",CASH_RETENTION,,,"-$11,370.15",$0.00,21/12/2024,,23/10/2023,30/10/2025,30/10/2026
,P0002,"$3,673,273.00",23/10/2023,30/10/2025,D237,CONTRACT,Electrician,"$452,229.80",CASH_RETENTION,0,0,"-$30,250.00",$0.00,21/12/2024,103,23/07/2024,30/11/2024,30/11/2024
,P0002,"$3,673,273.00",23/10/2023,30/10/2025,U437,CONTRACT,Fire Services,"$70,000.00",CASH_RETENTION,0,0,"-$48,400.00",$0.00,20/12/2024,139,17/12/2024,31/01/2025,17/12/2024
,P0002,"$3,673,273.00",23/10/2023,30/10/2025,V010,CONTRACT,Plumbing,"$90,000.00",CASH_RETENTION,0,0,"-$40,252.30",$0.00,20/12/2024,117,23/10/2023,23/10/2023,30/10/2025
,P0002,"$3,673,273.00",23/10/2023,30/10/2025,D870,CONTRACT,Plastering,"$15,000.00",CASH_RETENTION,0,0,"-$24,387.00",$0.00,20/12/2024,1495,8/10/2024,31/12/2024,31/12/2025
,P0002,"$3,673,273.00",23/10/2023,30/10/2025,K882,CONTRACT,Engineer (all types),"$19,000.00",CASH_RETENTION,0,0,-$825.00,$0.00,20/12/2024,129,30/10/2023,30/10/2023,30/04/2024
,P0002,"$3,673,273.00",23/10/2023,30/10/2025,F780,PO,Bathroom Fixtures and Fittings,"$20,000.00",CASH_RETENTION,0,0,-$477.27,$0.00,20/12/2024,174,6/06/2024,31/12/2024,31/12/2024
,P0002,"$3,673,273.00",23/10/2023,30/10/2025,O870,BUILDER,,"$3,673,273.00",CASH_RETENTION,,,"-$35,444.11",$0.00,20/12/2024,,23/10/2023,30/10/2025,30/10/2026
,P0002,"$3,673,273.00",23/10/2023,30/10/2025,H737,CONTRACT,Other,"$9,000.00",CASH_RETENTION,0,0,-$990.00,$0.00,20/12/2024,69,8/12/2023,8/12/2023,8/12/2023
,P0002,"$3,673,273.00",23/10/2023,30/10/2025,O853,RATES,Concreter,"$80,000.00",CASH_RETENTION,0,0,"-$2,815.46",$0.00,20/12/2024,148,23/10/2023,23/10/2023,30/10/2025
,P0002,"$3,673,273.00",23/10/2023,30/10/2025,U607,CONTRACT,Rendering,"$65,000.00",CASH_RETENTION,0,0,"-$8,580.00",$0.00,18/12/2024,133,13/12/2024,28/02/2025,28/02/2025
,P0002,"$3,673,273.00",23/10/2023,30/10/2025,O870,BUILDER,,"$3,673,273.00",CASH_RETENTION,,,"-$2,574.00",$0.00,18/12/2024,,23/10/2023,30/10/2025,30/10/2026
,P0002,"$3,673,273.00",23/10/2023,30/10/2025,O870,BUILDER,,"$3,673,273.00",CASH_RETENTION,,,"-$73,793.00",$0.00,14/12/2024,,23/10/2023,30/10/2025,30/10/2026
,P0002,"$3,673,273.00",23/10/2023,30/10/2025,D870,CONTRACT,Plastering,"$15,000.00",CASH_RETENTION,0,0,"-$8,800.00",$0.00,14/12/2024,1495,8/10/2024,31/12/2024,31/12/2025
,P0002,"$3,673,273.00",23/10/2023,30/10/2025,O870,BUILDER,,"$3,673,273.00",CASH_RETENTION,,,"-$2,640.00",$0.00,14/12/2024,,23/10/2023,30/10/2025,30/10/2026
,P0002,"$3,673,273.00",23/10/2023,30/10/2025,V010,CONTRACT,Plumbing,"$90,000.00",CASH_RETENTION,0,0,"-$4,400.00",$0.00,13/12/2024,117,23/10/2023,23/10/2023,30/10/2025
,P0002,"$3,673,273.00",23/10/2023,30/10/2025,K882,CONTRACT,Engineer (all types),"$19,000.00",CASH_RETENTION,0,0,-$825.00,$0.00,13/12/2024,129,30/10/2023,30/10/2023,30/04/2024
,P0002,"$3,673,273.00",23/10/2023,30/10/2025,O870,BUILDER,,"$3,673,273.00",CASH_RETENTION,,,"-$1,567.50",$0.00,13/12/2024,,23/10/2023,30/10/2025,30/10/2026
,P0002,"$3,673,273.00",23/10/2023,30/10/2025,,,,,,,,"$367,327.30",$0.00,12/12/2024,,,,
,P0002,"$3,673,273.00",23/10/2023,30/10/2025,D870,CONTRACT,Plastering,"$15,000.00",CASH_RETENTION,0,0,"-$8,800.00",$0.00,7/12/2024,1495,8/10/2024,31/12/2024,31/12/2025
,P0002,"$3,673,273.00",23/10/2023,30/10/2025,O870,BUILDER,,"$3,673,273.00",CASH_RETENTION,,,"-$2,640.00",$0.00,7/12/2024,,23/10/2023,30/10/2025,30/10/2026
,P0002,"$3,673,273.00",23/10/2023,30/10/2025,R415,PO,Frame and Trusses,"$20,000.00",CASH_RETENTION,0,0,"-$8,701.99",$0.00,3/12/2024,411,6/06/2024,6/06/2024,6/06/2024
,P0002,"$3,673,273.00",23/10/2023,30/10/2025,V010,CONTRACT,Plumbing,"$90,000.00",CASH_RETENTION,0,0,"-$16,500.00",$0.00,3/12/2024,117,23/10/2023,23/10/2023,30/10/2025
,P0002,"$3,673,273.00",23/10/2023,30/10/2025,L268,CONTRACT,Glazier- Showers/ splash backs,"$35,000.00",CASH_RETENTION,0,0,"-$25,878.55",$0.00,3/12/2024,195,15/10/2024,31/12/2024,15/10/2024
,P0002,"$3,673,273.00",23/10/2023,30/10/2025,O870,BUILDER,,"$3,673,273.00",CASH_RETENTION,,,"-$18,327.27",$0.00,3/12/2024,,23/10/2023,30/10/2025,30/10/2026
,P0002,"$3,673,273.00",23/10/2023,30/10/2025,O853,RATES,Concreter,"$80,000.00",CASH_RETENTION,0,0,"-$10,010.35",$0.00,3/12/2024,148,23/10/2023,23/10/2023,30/10/2025
,P0002,"$3,673,273.00",23/10/2023,30/10/2025,,,,,,,,$170.53,$0.00,30/11/2024,,,,
,P0002,"$3,673,273.00",23/10/2023,30/10/2025,,,,,,,,"$367,327.30",$0.00,23/11/2024,,,,
,P0002,"$3,673,273.00",23/10/2023,30/10/2025,X354,CONTRACT,Painting,"$80,000.00",CASH_RETENTION,0,0,"-$1,980.00",$0.00,19/11/2024,115,23/10/2023,23/10/2023,30/07/2025
,P0002,"$3,673,273.00",23/10/2023,30/10/2025,O870,BUILDER,,"$3,673,273.00",CASH_RETENTION,,,-$594.00,$0.00,19/11/2024,,23/10/2023,30/10/2025,30/10/2026
,P0002,"$3,673,273.00",23/10/2023,30/10/2025,D870,CONTRACT,Plastering,"$15,000.00",CASH_RETENTION,0,0,"-$20,000.00",$0.00,2/11/2024,1495,8/10/2024,31/12/2024,31/12/2025
,P0002,"$3,673,273.00",23/10/2023,30/10/2025,L805,RATES,Skip Bins,"$5,000.00",CASH_RETENTION,0,0,-$737.00,$0.00,2/11/2024,44,24/09/2024,31/12/2024,31/12/2024
,P0002,"$3,673,273.00",23/10/2023,30/10/2025,P778,RATES,Site cranes,"$10,000.00",CASH_RETENTION,0,0,"-$3,062.40",$0.00,2/11/2024,212,29/04/2024,31/07/2024,29/04/2024
,P0002,"$3,673,273.00",23/10/2023,30/10/2025,O870,BUILDER,,"$3,673,273.00",CASH_RETENTION,,,"-$16,916.58",$0.00,2/11/2024,,23/10/2023,30/10/2025,30/10/2026
,P0002,"$3,673,273.00",23/10/2023,30/10/2025,O853,RATES,Concreter,"$80,000.00",CASH_RETENTION,0,0,"-$32,589.20",$0.00,2/11/2024,148,23/10/2023,23/10/2023,30/10/2025
,P0002,"$3,673,273.00",23/10/2023,30/10/2025,V765,CONTRACT,Scaffolding,"$50,000.00",CASH_RETENTION,0,0,"-$33,000.00",$0.00,1/11/2024,102,25/07/2024,31/12/2024,31/12/2024
,P0002,"$3,673,273.00",23/10/2023,30/10/2025,U064,CONTRACT,Lifts,"$94,250.00",CASH_RETENTION,0,0,"-$62,205.00",$0.00,1/11/2024,110,17/05/2024,30/11/2024,30/11/2024
,P0002,"$3,673,273.00",23/10/2023,30/10/2025,O870,BUILDER,,"$3,673,273.00",CASH_RETENTION,,,"-$28,561.50",$0.00,1/11/2024,,23/10/2023,30/10/2025,30/10/2026
,P0002,"$3,673,273.00",23/10/2023,30/10/2025,,,,,,,,$304.66,$0.00,1/11/2024,,,,
,P0002,"$3,673,273.00",23/10/2023,30/10/2025,L805,RATES,Skip Bins,"$5,000.00",CASH_RETENTION,0,0,-$737.00,$0.00,29/10/2024,44,24/09/2024,31/12/2024,31/12/2024
,P0002,"$3,673,273.00",23/10/2023,30/10/2025,P778,RATES,Site cranes,"$10,000.00",CASH_RETENTION,0,0,"-$1,320.00",$0.00,29/10/2024,212,29/04/2024,31/07/2024,29/04/2024
,P0002,"$3,673,273.00",23/10/2023,30/10/2025,L268,CONTRACT,Glazier- Showers/ splash backs,"$35,000.00",CASH_RETENTION,0,0,"-$31,878.55",$0.00,29/10/2024,195,15/10/2024,31/12/2024,15/10/2024
,P0002,"$3,673,273.00",23/10/2023,30/10/2025,H555,CONTRACT,Other,"$10,000.00",CASH_RETENTION,0,0,-$495.00,$0.00,29/10/2024,170,2/02/2024,2/02/2024,2/02/2024
,P0002,"$3,673,273.00",23/10/2023,30/10/2025,O870,BUILDER,,"$3,673,273.00",CASH_RETENTION,,,"-$10,329.17",$0.00,29/10/2024,,23/10/2023,30/10/2025,30/10/2026
,P0002,"$3,673,273.00",23/10/2023,30/10/2025,O870,BUILDER,,"$3,673,273.00",CASH_RETENTION,,,-$113.31,$0.00,18/10/2024,,23/10/2023,30/10/2025,30/10/2026
,P0002,"$3,673,273.00",23/10/2023,30/10/2025,F444,CONTRACT,Frame and Trusses,"$114,566.49",CASH_RETENTION,0,0,-$377.71,$0.00,18/10/2024,107,21/03/2024,21/03/2024,30/06/2024
,P0002,"$3,673,273.00",23/10/2023,30/10/2025,P778,RATES,Site cranes,"$10,000.00",CASH_RETENTION,0,0,"-$1,815.00",$0.00,16/10/2024,212,29/04/2024,31/07/2024,29/04/2024
,P0002,"$3,673,273.00",23/10/2023,30/10/2025,K882,CONTRACT,Engineer (all types),"$19,000.00",CASH_RETENTION,0,0,-$825.00,$0.00,16/10/2024,129,30/10/2023,30/10/2023,30/04/2024
,P0002,"$3,673,273.00",23/10/2023,30/10/2025,W124,CONTRACT,Concreter,"$200,000.00",CASH_RETENTION,0,0,"-$16,082.40",$0.00,16/10/2024,87,23/10/2023,23/10/2023,30/10/2025
,P0002,"$3,673,273.00",23/10/2023,30/10/2025,O870,BUILDER,,"$3,673,273.00",CASH_RETENTION,,,"-$5,616.72",$0.00,16/10/2024,,23/10/2023,30/10/2025,30/10/2026
,P0002,"$3,673,273.00",23/10/2023,30/10/2025,D870,CONTRACT,Plastering,"$15,000.00",CASH_RETENTION,0,0,"-$15,000.00",$0.00,9/10/2024,1495,8/10/2024,31/12/2024,31/12/2025
,P0002,"$3,673,273.00",23/10/2023,30/10/2025,H555,CONTRACT,Other,"$10,000.00",CASH_RETENTION,0,0,"-$1,210.00",$0.00,9/10/2024,170,2/02/2024,2/02/2024,2/02/2024
,P0002,"$3,673,273.00",23/10/2023,30/10/2025,O870,BUILDER,,"$3,673,273.00",CASH_RETENTION,,,"-$14,763.00",$0.00,9/10/2024,,23/10/2023,30/10/2025,30/10/2026
,P0002,"$3,673,273.00",23/10/2023,30/10/2025,D237,CONTRACT,Electrician,"$452,229.80",CASH_RETENTION,0,0,"-$33,000.00",$0.00,9/10/2024,103,23/07/2024,30/11/2024,30/11/2024
,P0002,"$3,673,273.00",23/10/2023,30/10/2025,P778,RATES,Site cranes,"$10,000.00",CASH_RETENTION,0,0,"-$3,972.38",$0.00,5/10/2024,212,29/04/2024,31/07/2024,29/04/2024
,P0002,"$3,673,273.00",23/10/2023,30/10/2025,W124,CONTRACT,Concreter,"$200,000.00",CASH_RETENTION,0,0,"-$17,631.94",$0.00,5/10/2024,87,23/10/2023,23/10/2023,30/10/2025
,P0002,"$3,673,273.00",23/10/2023,30/10/2025,O870,BUILDER,,"$3,673,273.00",CASH_RETENTION,,,"-$6,481.30",$0.00,5/10/2024,,23/10/2023,30/10/2025,30/10/2026
,P0002,"$3,673,273.00",23/10/2023,30/10/2025,,,,,,,,$127.68,$0.00,1/10/2024,,,,
,P0002,"$3,673,273.00",23/10/2023,30/10/2025,R415,PO,Frame and Trusses,"$20,000.00",CASH_RETENTION,0,0,-$841.58,$0.00,26/09/2024,411,6/06/2024,6/06/2024,6/06/2024
,P0002,"$3,673,273.00",23/10/2023,30/10/2025,V010,CONTRACT,Plumbing,"$90,000.00",CASH_RETENTION,0,0,"-$11,000.00",$0.00,26/09/2024,117,23/10/2023,23/10/2023,30/10/2025
,P0002,"$3,673,273.00",23/10/2023,30/10/2025,L805,RATES,Skip Bins,"$5,000.00",CASH_RETENTION,0,0,-$737.00,$0.00,26/09/2024,44,24/09/2024,31/12/2024,31/12/2024
,P0002,"$3,673,273.00",23/10/2023,30/10/2025,P778,RATES,Site cranes,"$10,000.00",CASH_RETENTION,0,0,"-$1,412.40",$0.00,26/09/2024,212,29/04/2024,31/07/2024,29/04/2024
,P0002,"$3,673,273.00",23/10/2023,30/10/2025,K882,CONTRACT,Engineer (all types),"$19,000.00",CASH_RETENTION,0,0,-$825.00,$0.00,26/09/2024,129,30/10/2023,30/10/2023,30/04/2024
,P0002,"$3,673,273.00",23/10/2023,30/10/2025,W124,CONTRACT,Concreter,"$200,000.00",CASH_RETENTION,0,0,"-$25,000.00",$0.00,26/09/2024,87,23/10/2023,23/10/2023,30/10/2025
,P0002,"$3,673,273.00",23/10/2023,30/10/2025,H555,CONTRACT,Other,"$10,000.00",CASH_RETENTION,0,0,"-$7,733.00",$0.00,26/09/2024,170,2/02/2024,2/02/2024,2/02/2024
,P0002,"$3,673,273.00",23/10/2023,30/10/2025,O870,BUILDER,,"$3,673,273.00",CASH_RETENTION,,,"-$14,268.98",$0.00,26/09/2024,,23/10/2023,30/10/2025,30/10/2026
,P0002,"$3,673,273.00",23/10/2023,30/10/2025,R650,RATES,Concreter,"$50,000.00",CASH_RETENTION,0,0,-$14.28,$0.00,26/09/2024,11,20/08/2024,30/11/2024,30/11/2024
,P0002,"$3,673,273.00",23/10/2023,30/10/2025,W613,PO,Cladding,"$15,000.00",CASH_RETENTION,0,0,"-$31,684.38",$0.00,26/09/2024,750,14/03/2024,31/07/2024,31/07/2024
,P0002,"$3,673,273.00",23/10/2023,30/10/2025,O870,BUILDER,,"$3,673,273.00",CASH_RETENTION,,,"-$9,505.31",$0.00,26/09/2024,,23/10/2023,30/10/2025,30/10/2026
,P0002,"$3,673,273.00",23/10/2023,30/10/2025,,,,,,,,"$550,990.95",$0.00,24/09/2024,,,,
,P0002,"$3,673,273.00",23/10/2023,30/10/2025,P778,RATES,Site cranes,"$10,000.00",CASH_RETENTION,0,0,-$544.50,$0.00,17/09/2024,212,29/04/2024,31/07/2024,29/04/2024
,P0002,"$3,673,273.00",23/10/2023,30/10/2025,B820,CONTRACT,Carpet Layer,"$50,000.00",CASH_RETENTION,0,0,"-$22,998.53",$0.00,17/09/2024,99,12/06/2024,12/06/2024,31/10/2024
,P0002,"$3,673,273.00",23/10/2023,30/10/2025,V765,CONTRACT,Scaffolding,"$50,000.00",CASH_RETENTION,0,0,"-$1,925.00",$0.00,17/09/2024,102,25/07/2024,31/12/2024,31/12/2024
,P0002,"$3,673,273.00",23/10/2023,30/10/2025,W124,CONTRACT,Concreter,"$200,000.00",CASH_RETENTION,0,0,"-$5,456.00",$0.00,17/09/2024,87,23/10/2023,23/10/2023,30/10/2025
,P0002,"$3,673,273.00",23/10/2023,30/10/2025,O870,BUILDER,,"$3,673,273.00",CASH_RETENTION,,,"-$9,277.21",$0.00,17/09/2024,,23/10/2023,30/10/2025,30/10/2026
,P0002,"$3,673,273.00",23/10/2023,30/10/2025,R415,PO,Frame and Trusses,"$20,000.00",CASH_RETENTION,0,0,"-$2,717.31",$0.00,31/08/2024,411,6/06/2024,6/06/2024,6/06/2024
,P0002,"$3,673,273.00",23/10/2023,30/10/2025,P778,RATES,Site cranes,"$10,000.00",CASH_RETENTION,0,0,"-$1,412.40",$0.00,31/08/2024,212,29/04/2024,31/07/2024,29/04/2024
,P0002,"$3,673,273.00",23/10/2023,30/10/2025,X354,CONTRACT,Painting,"$80,000.00",CASH_RETENTION,0,0,"-$1,320.00",$0.00,31/08/2024,115,23/10/2023,23/10/2023,30/07/2025
,P0002,"$3,673,273.00",23/10/2023,30/10/2025,O870,BUILDER,,"$3,673,273.00",CASH_RETENTION,,,"-$6,369.90",$0.00,31/08/2024,,23/10/2023,30/10/2025,30/10/2026
,P0002,"$3,673,273.00",23/10/2023,30/10/2025,O853,RATES,Concreter,"$80,000.00",CASH_RETENTION,0,0,"-$15,783.29",$0.00,31/08/2024,148,23/10/2023,23/10/2023,30/10/2025
,P0002,"$3,673,273.00",23/10/2023,30/10/2025,,,,,,,,$162.95,$0.00,31/08/2024,,,,
,P0002,"$3,673,273.00",23/10/2023,30/10/2025,P778,RATES,Site cranes,"$10,000.00",CASH_RETENTION,0,0,-$712.80,$0.00,28/08/2024,212,29/04/2024,31/07/2024,29/04/2024
,P0002,"$3,673,273.00",23/10/2023,30/10/2025,U483,RATES,Engineer (all types),"$50,000.00",CASH_RETENTION,0,0,"-$10,450.00",$0.00,28/08/2024,20,20/08/2024,30/11/2024,30/11/2024
,P0002,"$3,673,273.00",23/10/2023,30/10/2025,H555,CONTRACT,Other,"$10,000.00",CASH_RETENTION,0,0,-$330.00,$0.00,28/08/2024,170,2/02/2024,2/02/2024,2/02/2024
,P0002,"$3,673,273.00",23/10/2023,30/10/2025,O870,BUILDER,,"$3,673,273.00",CASH_RETENTION,,,"-$16,661.37",$0.00,28/08/2024,,23/10/2023,30/10/2025,30/10/2026
,P0002,"$3,673,273.00",23/10/2023,30/10/2025,Y581,RATES,Plumbing,"$50,000.00",CASH_RETENTION,0,0,"-$38,472.50",$0.00,28/08/2024,76,14/08/2024,30/11/2024,30/11/2024
,P0002,"$3,673,273.00",23/10/2023,30/10/2025,R650,RATES,Concreter,"$50,000.00",CASH_RETENTION,0,0,"-$5,572.60",$0.00,28/08/2024,11,20/08/2024,30/11/2024,30/11/2024
,P0002,"$3,673,273.00",23/10/2023,30/10/2025,W124,CONTRACT,Concreter,"$200,000.00",CASH_RETENTION,0,0,"-$13,674.10",$0.00,28/08/2024,87,23/10/2023,23/10/2023,30/10/2025
,P0002,"$3,673,273.00",23/10/2023,30/10/2025,O870,BUILDER,,"$3,673,273.00",CASH_RETENTION,,,"-$4,102.23",$0.00,28/08/2024,,23/10/2023,30/10/2025,30/10/2026
,P0002,"$3,673,273.00",23/10/2023,30/10/2025,O870,BUILDER,,"$3,673,273.00",CASH_RETENTION,,,"-$29,340.18",$0.00,16/08/2024,,23/10/2023,30/10/2025,30/10/2026
,P0002,"$3,673,273.00",23/10/2023,30/10/2025,O870,BUILDER,,"$3,673,273.00",CASH_RETENTION,,,"-$24,950.00",$0.00,16/08/2024,,23/10/2023,30/10/2025,30/10/2026
,P0002,"$3,673,273.00",23/10/2023,30/10/2025,O870,BUILDER,,"$3,673,273.00",CASH_RETENTION,,,"-$19,201.00",$0.00,16/08/2024,,23/10/2023,30/10/2025,30/10/2026
,P0002,"$3,673,273.00",23/10/2023,30/10/2025,O870,BUILDER,,"$3,673,273.00",CASH_RETENTION,,,"-$17,073.63",$0.00,16/08/2024,,23/10/2023,30/10/2025,30/10/2026
,P0002,"$3,673,273.00",23/10/2023,30/10/2025,P778,RATES,Site cranes,"$10,000.00",CASH_RETENTION,0,0,"-$1,412.40",$0.00,10/08/2024,212,29/04/2024,31/07/2024,29/04/2024
,P0002,"$3,673,273.00",23/10/2023,30/10/2025,W613,PO,Cladding,"$15,000.00",CASH_RETENTION,0,0,-$502.15,$0.00,10/08/2024,750,14/03/2024,31/07/2024,31/07/2024
,P0002,"$3,673,273.00",23/10/2023,30/10/2025,O870,BUILDER,,"$3,673,273.00",CASH_RETENTION,,,-$574.37,$0.00,10/08/2024,,23/10/2023,30/10/2025,30/10/2026
,P0002,"$3,673,273.00",23/10/2023,30/10/2025,,,,,,,,$193.81,$0.00,1/08/2024,,,,
,P0002,"$3,673,273.00",23/10/2023,30/10/2025,W613,PO,Cladding,"$15,000.00",CASH_RETENTION,0,0,-$405.41,$0.00,27/07/2024,750,14/03/2024,31/07/2024,31/07/2024
,P0002,"$3,673,273.00",23/10/2023,30/10/2025,O870,BUILDER,,"$3,673,273.00",CASH_RETENTION,,,-$121.62,$0.00,27/07/2024,,23/10/2023,30/10/2025,30/10/2026
,P0002,"$3,673,273.00",23/10/2023,30/10/2025,R415,PO,Frame and Trusses,"$20,000.00",CASH_RETENTION,0,0,"-$1,908.93",$0.00,26/07/2024,411,6/06/2024,6/06/2024,6/06/2024
,P0002,"$3,673,273.00",23/10/2023,30/10/2025,V765,CONTRACT,Scaffolding,"$50,000.00",CASH_RETENTION,0,0,"-$11,000.00",$0.00,26/07/2024,102,25/07/2024,31/12/2024,31/12/2024
,P0002,"$3,673,273.00",23/10/2023,30/10/2025,W124,CONTRACT,Concreter,"$200,000.00",CASH_RETENTION,0,0,"-$6,634.10",$0.00,26/07/2024,87,23/10/2023,23/10/2023,30/10/2025
,P0002,"$3,673,273.00",23/10/2023,30/10/2025,H555,CONTRACT,Other,"$10,000.00",CASH_RETENTION,0,0,-$495.00,$0.00,26/07/2024,170,2/02/2024,2/02/2024,2/02/2024
,P0002,"$3,673,273.00",23/10/2023,30/10/2025,O870,BUILDER,,"$3,673,273.00",CASH_RETENTION,,,"-$11,330.24",$0.00,26/07/2024,,23/10/2023,30/10/2025,30/10/2026
,P0002,"$3,673,273.00",23/10/2023,30/10/2025,O853,RATES,Concreter,"$80,000.00",CASH_RETENTION,0,0,"-$17,729.43",$0.00,26/07/2024,148,23/10/2023,23/10/2023,30/10/2025
,P0002,"$3,673,273.00",23/10/2023,30/10/2025,N383,CONTRACT,Pest Control,"$5,000.00",CASH_RETENTION,0,0,-$237.60,$0.00,13/07/2024,4,10/07/2024,31/10/2024,31/10/2024
,P0002,"$3,673,273.00",23/10/2023,30/10/2025,O870,BUILDER,,"$3,673,273.00",CASH_RETENTION,,,"-$17,256.26",$0.00,13/07/2024,,23/10/2023,30/10/2025,30/10/2026
,P0002,"$3,673,273.00",23/10/2023,30/10/2025,F444,CONTRACT,Frame and Trusses,"$114,566.49",CASH_RETENTION,0,0,"-$57,283.25",$0.00,13/07/2024,107,21/03/2024,21/03/2024,30/06/2024
,P0002,"$3,673,273.00",23/10/2023,30/10/2025,W124,CONTRACT,Concreter,"$200,000.00",CASH_RETENTION,0,0,"-$18,759.95",$0.00,13/07/2024,87,23/10/2023,23/10/2023,30/10/2025
,P0002,"$3,673,273.00",23/10/2023,30/10/2025,O870,BUILDER,,"$3,673,273.00",CASH_RETENTION,,,"-$5,627.98",$0.00,13/07/2024,,23/10/2023,30/10/2025,30/10/2026
,P0002,"$3,673,273.00",23/10/2023,30/10/2025,,,,,,,,"$367,327.30",$0.00,11/07/2024,,,,
,P0002,"$3,673,273.00",23/10/2023,30/10/2025,W613,PO,Cladding,"$15,000.00",CASH_RETENTION,0,0,"-$25,537.59",$0.00,3/07/2024,750,14/03/2024,31/07/2024,31/07/2024
,P0002,"$3,673,273.00",23/10/2023,30/10/2025,O870,BUILDER,,"$3,673,273.00",CASH_RETENTION,,,"-$7,661.28",$0.00,3/07/2024,,23/10/2023,30/10/2025,30/10/2026
,P0002,"$3,673,273.00",23/10/2023,30/10/2025,R415,PO,Frame and Trusses,"$20,000.00",CASH_RETENTION,0,0,-$621.58,$0.00,3/07/2024,411,6/06/2024,6/06/2024,6/06/2024
,P0002,"$3,673,273.00",23/10/2023,30/10/2025,K882,CONTRACT,Engineer (all types),"$19,000.00",CASH_RETENTION,0,0,"-$1,650.00",$0.00,3/07/2024,129,30/10/2023,30/10/2023,30/04/2024
,P0002,"$3,673,273.00",23/10/2023,30/10/2025,W124,CONTRACT,Concreter,"$200,000.00",CASH_RETENTION,0,0,"-$9,437.37",$0.00,3/07/2024,87,23/10/2023,23/10/2023,30/10/2025
,P0002,"$3,673,273.00",23/10/2023,30/10/2025,H555,CONTRACT,Other,"$10,000.00",CASH_RETENTION,0,0,"-$2,200.00",$0.00,3/07/2024,170,2/02/2024,2/02/2024,2/02/2024
,P0002,"$3,673,273.00",23/10/2023,30/10/2025,O870,BUILDER,,"$3,673,273.00",CASH_RETENTION,,,"-$4,172.69",$0.00,3/07/2024,,23/10/2023,30/10/2025,30/10/2026
,P0002,"$3,673,273.00",23/10/2023,30/10/2025,,,,,,,,$106.20,$0.00,29/06/2024,,,,
,P0002,"$3,673,273.00",23/10/2023,30/10/2025,W613,PO,Cladding,"$15,000.00",CASH_RETENTION,0,0,"-$11,927.14",$0.00,26/06/2024,750,14/03/2024,31/07/2024,31/07/2024
,P0002,"$3,673,273.00",23/10/2023,30/10/2025,O870,BUILDER,,"$3,673,273.00",CASH_RETENTION,,,"-$3,578.14",$0.00,26/06/2024,,23/10/2023,30/10/2025,30/10/2026
,P0002,"$3,673,273.00",23/10/2023,30/10/2025,P778,RATES,Site cranes,"$10,000.00",CASH_RETENTION,0,0,"-$1,412.40",$0.00,26/06/2024,212,29/04/2024,31/07/2024,29/04/2024
,P0002,"$3,673,273.00",23/10/2023,30/10/2025,O870,BUILDER,,"$3,673,273.00",CASH_RETENTION,,,-$423.72,$0.00,26/06/2024,,23/10/2023,30/10/2025,30/10/2026
,P0002,"$3,673,273.00",23/10/2023,30/10/2025,P778,RATES,Site cranes,"$10,000.00",CASH_RETENTION,0,0,"-$1,412.40",$0.00,13/06/2024,212,29/04/2024,31/07/2024,29/04/2024
,P0002,"$3,673,273.00",23/10/2023,30/10/2025,B820,CONTRACT,Carpet Layer,"$50,000.00",CASH_RETENTION,0,0,"-$22,998.84",$0.00,13/06/2024,99,12/06/2024,12/06/2024,31/10/2024
,P0002,"$3,673,273.00",23/10/2023,30/10/2025,O870,BUILDER,,"$3,673,273.00",CASH_RETENTION,,,"-$7,323.37",$0.00,13/06/2024,,23/10/2023,30/10/2025,30/10/2026
,P0002,"$3,673,273.00",23/10/2023,30/10/2025,W124,CONTRACT,Concreter,"$200,000.00",CASH_RETENTION,0,0,"-$17,033.18",$0.00,11/06/2024,87,23/10/2023,23/10/2023,30/10/2025
,P0002,"$3,673,273.00",23/10/2023,30/10/2025,O870,BUILDER,,"$3,673,273.00",CASH_RETENTION,,,"-$5,109.95",$0.00,11/06/2024,,23/10/2023,30/10/2025,30/10/2026
,P0002,"$3,673,273.00",23/10/2023,30/10/2025,R415,PO,Frame and Trusses,"$20,000.00",CASH_RETENTION,0,0,"-$2,098.58",$0.00,8/06/2024,411,6/06/2024,6/06/2024,6/06/2024
,P0002,"$3,673,273.00",23/10/2023,30/10/2025,P778,RATES,Site cranes,"$10,000.00",CASH_RETENTION,0,0,"-$1,320.00",$0.00,8/06/2024,212,29/04/2024,31/07/2024,29/04/2024
,P0002,"$3,673,273.00",23/10/2023,30/10/2025,F780,PO,Bathroom Fixtures and Fittings,"$20,000.00",CASH_RETENTION,0,0,-$76.33,$0.00,8/06/2024,174,6/06/2024,31/12/2024,31/12/2024
,P0002,"$3,673,273.00",23/10/2023,30/10/2025,O870,BUILDER,,"$3,673,273.00",CASH_RETENTION,,,"-$5,550.38",$0.00,8/06/2024,,23/10/2023,30/10/2025,30/10/2026
,P0002,"$3,673,273.00",23/10/2023,30/10/2025,O853,RATES,Concreter,"$80,000.00",CASH_RETENTION,0,0,"-$15,006.34",$0.00,8/06/2024,148,23/10/2023,23/10/2023,30/10/2025
,P0002,"$3,673,273.00",23/10/2023,30/10/2025,,,,,,,,$216.01,$0.00,1/06/2024,,,,
,P0002,"$3,673,273.00",23/10/2023,30/10/2025,O870,BUILDER,,"$3,673,273.00",CASH_RETENTION,,,"-$2,314.33",$0.00,29/05/2024,,23/10/2023,30/10/2025,30/10/2026
,P0002,"$3,673,273.00",23/10/2023,30/10/2025,F444,CONTRACT,Frame and Trusses,"$114,566.49",CASH_RETENTION,0,0,"-$7,714.44",$0.00,29/05/2024,107,21/03/2024,21/03/2024,30/06/2024
,P0002,"$3,673,273.00",23/10/2023,30/10/2025,K882,CONTRACT,Engineer (all types),"$19,000.00",CASH_RETENTION,0,0,-$825.00,$0.00,29/05/2024,129,30/10/2023,30/10/2023,30/04/2024
,P0002,"$3,673,273.00",23/10/2023,30/10/2025,W124,CONTRACT,Concreter,"$200,000.00",CASH_RETENTION,0,0,"-$6,160.00",$0.00,29/05/2024,87,23/10/2023,23/10/2023,30/10/2025
,P0002,"$3,673,273.00",23/10/2023,30/10/2025,O870,BUILDER,,"$3,673,273.00",CASH_RETENTION,,,"-$2,095.50",$0.00,29/05/2024,,23/10/2023,30/10/2025,30/10/2026
,P0002,"$3,673,273.00",23/10/2023,30/10/2025,O870,BUILDER,,"$3,673,273.00",CASH_RETENTION,,,"-$15,199.06",$0.00,28/05/2024,,23/10/2023,30/10/2025,30/10/2026
,P0002,"$3,673,273.00",23/10/2023,30/10/2025,H258,RATES,Tiling,"$45,000.00",CASH_RETENTION,0,0,"-$6,100.00",$0.00,24/05/2024,13,22/05/2024,22/05/2024,22/05/2024
,P0002,"$3,673,273.00",23/10/2023,30/10/2025,U064,CONTRACT,Lifts,"$94,250.00",CASH_RETENTION,0,0,"-$31,102.50",$0.00,24/05/2024,110,17/05/2024,30/11/2024,30/11/2024
,P0002,"$3,673,273.00",23/10/2023,30/10/2025,K882,CONTRACT,Engineer (all types),"$19,000.00",CASH_RETENTION,0,0,-$825.00,$0.00,24/05/2024,129,30/10/2023,30/10/2023,30/04/2024
,P0002,"$3,673,273.00",23/10/2023,30/10/2025,H555,CONTRACT,Other,"$10,000.00",CASH_RETENTION,0,0,-$550.00,$0.00,24/05/2024,170,2/02/2024,2/02/2024,2/02/2024
,P0002,"$3,673,273.00",23/10/2023,30/10/2025,O870,BUILDER,,"$3,673,273.00",CASH_RETENTION,,,"-$11,573.25",$0.00,24/05/2024,,23/10/2023,30/10/2025,30/10/2026
,P0002,"$3,673,273.00",23/10/2023,30/10/2025,W124,CONTRACT,Concreter,"$200,000.00",CASH_RETENTION,0,0,"-$1,189.10",$0.00,14/05/2024,87,23/10/2023,23/10/2023,30/10/2025
,P0002,"$3,673,273.00",23/10/2023,30/10/2025,O870,BUILDER,,"$3,673,273.00",CASH_RETENTION,,,-$356.73,$0.00,14/05/2024,,23/10/2023,30/10/2025,30/10/2026
,P0002,"$3,673,273.00",23/10/2023,30/10/2025,P778,RATES,Site cranes,"$10,000.00",CASH_RETENTION,0,0,"-$1,412.40",$0.00,11/05/2024,212,29/04/2024,31/07/2024,29/04/2024
,P0002,"$3,673,273.00",23/10/2023,30/10/2025,D221,RATES,Earthworks,"$10,000.00",CASH_RETENTION,0,0,"-$2,171.13",$0.00,11/05/2024,217,29/02/2024,30/06/2024,30/06/2024
,P0002,"$3,673,273.00",23/10/2023,30/10/2025,O870,BUILDER,,"$3,673,273.00",CASH_RETENTION,,,"-$1,075.06",$0.00,11/05/2024,,23/10/2023,30/10/2025,30/10/2026
,P0002,"$3,673,273.00",23/10/2023,30/10/2025,V010,CONTRACT,Plumbing,"$90,000.00",CASH_RETENTION,0,0,"-$13,200.00",$0.00,2/05/2024,117,23/10/2023,23/10/2023,30/10/2025
,P0002,"$3,673,273.00",23/10/2023,30/10/2025,W613,PO,Cladding,"$15,000.00",CASH_RETENTION,0,0,"-$28,304.89",$0.00,2/05/2024,750,14/03/2024,31/07/2024,31/07/2024
,P0002,"$3,673,273.00",23/10/2023,30/10/2025,O870,BUILDER,,"$3,673,273.00",CASH_RETENTION,,,"-$12,451.47",$0.00,2/05/2024,,23/10/2023,30/10/2025,30/10/2026
,P0002,"$3,673,273.00",23/10/2023,30/10/2025,W124,CONTRACT,Concreter,"$200,000.00",CASH_RETENTION,0,0,"-$22,105.00",$0.00,2/05/2024,87,23/10/2023,23/10/2023,30/10/2025
,P0002,"$3,673,273.00",23/10/2023,30/10/2025,O870,BUILDER,,"$3,673,273.00",CASH_RETENTION,,,"-$6,631.50",$0.00,2/05/2024,,23/10/2023,30/10/2025,30/10/2026
,P0002,"$3,673,273.00",23/10/2023,30/10/2025,,,,,,,,"$293,861.84",$0.00,1/05/2024,,,,
,P0002,"$3,673,273.00",23/10/2023,30/10/2025,,,,,,,,$105.22,$0.00,1/05/2024,,,,
,P0002,"$3,673,273.00",23/10/2023,30/10/2025,H555,CONTRACT,Other,"$10,000.00",CASH_RETENTION,0,0,-$715.00,$0.00,24/04/2024,170,2/02/2024,2/02/2024,2/02/2024
,P0002,"$3,673,273.00",23/10/2023,30/10/2025,O870,BUILDER,,"$3,673,273.00",CASH_RETENTION,,,"-$13,962.48",$0.00,24/04/2024,,23/10/2023,30/10/2025,30/10/2026
,P0002,"$3,673,273.00",23/10/2023,30/10/2025,F444,CONTRACT,Frame and Trusses,"$114,566.49",CASH_RETENTION,0,0,"-$45,826.59",$0.00,24/04/2024,107,21/03/2024,21/03/2024,30/06/2024
,P0002,"$3,673,273.00",23/10/2023,30/10/2025,D221,RATES,Earthworks,"$10,000.00",CASH_RETENTION,0,0,"-$8,833.00",$0.00,10/04/2024,217,29/02/2024,30/06/2024,30/06/2024
,P0002,"$3,673,273.00",23/10/2023,30/10/2025,K882,CONTRACT,Engineer (all types),"$19,000.00",CASH_RETENTION,0,0,-$825.00,$0.00,10/04/2024,129,30/10/2023,30/10/2023,30/04/2024
,P0002,"$3,673,273.00",23/10/2023,30/10/2025,H555,CONTRACT,Other,"$10,000.00",CASH_RETENTION,0,0,"-$1,045.00",$0.00,10/04/2024,170,2/02/2024,2/02/2024,2/02/2024
,P0002,"$3,673,273.00",23/10/2023,30/10/2025,O870,BUILDER,,"$3,673,273.00",CASH_RETENTION,,,"-$6,060.90",$0.00,10/04/2024,,23/10/2023,30/10/2025,30/10/2026
,P0002,"$3,673,273.00",23/10/2023,30/10/2025,O853,RATES,Concreter,"$80,000.00",CASH_RETENTION,0,0,"-$9,500.01",$0.00,10/04/2024,148,23/10/2023,23/10/2023,30/10/2025
,P0002,"$3,673,273.00",23/10/2023,30/10/2025,,,,,,,,$197.54,$0.00,29/03/2024,,,,
,P0002,"$3,673,273.00",23/10/2023,30/10/2025,W124,CONTRACT,Concreter,"$200,000.00",CASH_RETENTION,0,0,"-$16,089.80",$0.00,28/03/2024,87,23/10/2023,23/10/2023,30/10/2025
,P0002,"$3,673,273.00",23/10/2023,30/10/2025,O870,BUILDER,,"$3,673,273.00",CASH_RETENTION,,,"-$4,826.94",$0.00,28/03/2024,,23/10/2023,30/10/2025,30/10/2026
,P0002,"$3,673,273.00",23/10/2023,30/10/2025,O870,BUILDER,,"$3,673,273.00",CASH_RETENTION,,,"-$3,436.99",$0.00,28/03/2024,,23/10/2023,30/10/2025,30/10/2026
,P0002,"$3,673,273.00",23/10/2023,30/10/2025,F444,CONTRACT,Frame and Trusses,"$114,566.49",CASH_RETENTION,0,0,"-$11,456.65",$0.00,28/03/2024,107,21/03/2024,21/03/2024,30/06/2024
,P0002,"$3,673,273.00",23/10/2023,30/10/2025,W613,PO,Cladding,"$15,000.00",CASH_RETENTION,0,0,"-$3,963.37",$0.00,21/03/2024,750,14/03/2024,31/07/2024,31/07/2024
,P0002,"$3,673,273.00",23/10/2023,30/10/2025,O870,BUILDER,,"$3,673,273.00",CASH_RETENTION,,,"-$12,014.66",$0.00,21/03/2024,,23/10/2023,30/10/2025,30/10/2026
,P0002,"$3,673,273.00",23/10/2023,30/10/2025,B434,CONTRACT,Landscaper,"$50,000.00",CASH_RETENTION,0,0,"-$36,085.50",$0.00,21/03/2024,72,19/03/2024,19/03/2024,30/09/2024
,P0002,"$3,673,273.00",23/10/2023,30/10/2025,W613,PO,Cladding,"$15,000.00",CASH_RETENTION,0,0,"-$10,195.12",$0.00,20/03/2024,750,14/03/2024,31/07/2024,31/07/2024
,P0002,"$3,673,273.00",23/10/2023,30/10/2025,O870,BUILDER,,"$3,673,273.00",CASH_RETENTION,,,"-$3,058.54",$0.00,20/03/2024,,23/10/2023,30/10/2025,30/10/2026
,P0002,"$3,673,273.00",23/10/2023,30/10/2025,O870,BUILDER,,"$3,673,273.00",CASH_RETENTION,,,"-$4,500.68",$0.00,12/03/2024,,23/10/2023,30/10/2025,30/10/2026
,P0002,"$3,673,273.00",23/10/2023,30/10/2025,O853,RATES,Concreter,"$80,000.00",CASH_RETENTION,0,0,"-$15,002.27",$0.00,12/03/2024,148,23/10/2023,23/10/2023,30/10/2025
,P0002,"$3,673,273.00",23/10/2023,30/10/2025,D221,RATES,Earthworks,"$10,000.00",CASH_RETENTION,0,0,"-$10,725.00",$0.00,9/03/2024,217,29/02/2024,30/06/2024,30/06/2024
,P0002,"$3,673,273.00",23/10/2023,30/10/2025,O870,BUILDER,,"$3,673,273.00",CASH_RETENTION,,,"-$3,217.50",$0.00,9/03/2024,,23/10/2023,30/10/2025,30/10/2026
,P0002,"$3,673,273.00",23/10/2023,30/10/2025,,,,,,,,$79.36,$0.00,1/03/2024,,,,
,P0002,"$3,673,273.00",23/10/2023,30/10/2025,,,,,,,,"$257,129.11",$0.00,24/02/2024,,,,
,P0002,"$3,673,273.00",23/10/2023,30/10/2025,U070,CONTRACT,Engineer (all types),"$20,000.00",CASH_RETENTION,0,0,"-$6,710.00",$0.00,23/02/2024,33,21/02/2024,21/02/2024,30/06/2024
,P0002,"$3,673,273.00",23/10/2023,30/10/2025,O870,BUILDER,,"$3,673,273.00",CASH_RETENTION,,,"-$2,013.00",$0.00,23/02/2024,,23/10/2023,30/10/2025,30/10/2026
,P0002,"$3,673,273.00",23/10/2023,30/10/2025,H555,CONTRACT,Other,"$10,000.00",CASH_RETENTION,0,0,"-$1,100.00",$0.00,14/02/2024,170,2/02/2024,2/02/2024,2/02/2024
,P0002,"$3,673,273.00",23/10/2023,30/10/2025,O870,BUILDER,,"$3,673,273.00",CASH_RETENTION,,,-$330.00,$0.00,14/02/2024,,23/10/2023,30/10/2025,30/10/2026
,P0002,"$3,673,273.00",23/10/2023,30/10/2025,,,,,,,,$46.02,$0.00,1/02/2024,,,,
,P0002,"$3,673,273.00",23/10/2023,30/10/2025,V516,CONTRACT,Architect,"$50,000.00",CASH_RETENTION,0,0,"-$4,950.00",$0.00,31/01/2024,79,30/10/2023,30/10/2023,30/04/2024
,P0002,"$3,673,273.00",23/10/2023,30/10/2025,O870,BUILDER,,"$3,673,273.00",CASH_RETENTION,,,"-$1,485.00",$0.00,31/01/2024,,23/10/2023,30/10/2025,30/10/2026
,P0002,"$3,673,273.00",23/10/2023,30/10/2025,Y613,CONTRACT,Surveying,"$10,000.00",CASH_RETENTION,0,0,"-$4,730.00",$0.00,13/01/2024,47,20/12/2023,29/02/2024,29/02/2024
,P0002,"$3,673,273.00",23/10/2023,30/10/2025,K882,CONTRACT,Engineer (all types),"$19,000.00",CASH_RETENTION,0,0,"-$10,725.00",$0.00,13/01/2024,129,30/10/2023,30/10/2023,30/04/2024
,P0002,"$3,673,273.00",23/10/2023,30/10/2025,O870,BUILDER,,"$3,673,273.00",CASH_RETENTION,,,"-$4,636.50",$0.00,13/01/2024,,23/10/2023,30/10/2025,30/10/2026
,P0002,"$3,673,273.00",23/10/2023,30/10/2025,,,,,,,,$79.39,$0.00,30/12/2023,,,,
,P0002,"$3,673,273.00",23/10/2023,30/10/2025,V516,CONTRACT,Architect,"$50,000.00",CASH_RETENTION,0,0,"-$15,400.00",$0.00,22/12/2023,79,30/10/2023,30/10/2023,30/04/2024
,P0002,"$3,673,273.00",23/10/2023,30/10/2025,O870,BUILDER,,"$3,673,273.00",CASH_RETENTION,,,"-$4,620.00",$0.00,22/12/2023,,23/10/2023,30/10/2025,30/10/2026
,P0002,"$3,673,273.00",23/10/2023,30/10/2025,X760,CONTRACT,Earthworks,"$35,000.00",CASH_RETENTION,0,0,"-$28,336.00",$0.00,12/12/2023,80,7/12/2023,30/06/2024,30/06/2024
,P0002,"$3,673,273.00",23/10/2023,30/10/2025,O870,BUILDER,,"$3,673,273.00",CASH_RETENTION,,,"-$8,500.80",$0.00,12/12/2023,,23/10/2023,30/10/2025,30/10/2026
,P0002,"$3,673,273.00",23/10/2023,30/10/2025,O870,BUILDER,,"$3,673,273.00",CASH_RETENTION,,,"-$1,188.00",$0.00,9/12/2023,,23/10/2023,30/10/2025,30/10/2026
,P0002,"$3,673,273.00",23/10/2023,30/10/2025,H737,CONTRACT,Other,"$9,000.00",CASH_RETENTION,0,0,"-$3,960.00",$0.00,9/12/2023,69,8/12/2023,8/12/2023,8/12/2023
,P0002,"$3,673,273.00",23/10/2023,30/10/2025,,,,,,,,$83.29,$0.00,1/12/2023,,,,
,P0002,"$3,673,273.00",23/10/2023,30/10/2025,V516,CONTRACT,Architect,"$50,000.00",CASH_RETENTION,0,0,"-$19,250.00",$0.00,23/11/2023,79,30/10/2023,30/10/2023,30/04/2024
,P0002,"$3,673,273.00",23/10/2023,30/10/2025,O870,BUILDER,,"$3,673,273.00",CASH_RETENTION,,,"-$5,775.00",$0.00,23/11/2023,,23/10/2023,30/10/2025,30/10/2026
,P0002,"$3,673,273.00",23/10/2023,30/10/2025,K882,CONTRACT,Engineer (all types),"$19,000.00",CASH_RETENTION,0,0,"-$6,435.00",$0.00,16/11/2023,129,30/10/2023,30/10/2023,30/04/2024
,P0002,"$3,673,273.00",23/10/2023,30/10/2025,O870,BUILDER,,"$3,673,273.00",CASH_RETENTION,,,"-$1,930.50",$0.00,16/11/2023,,23/10/2023,30/10/2025,30/10/2026
,P0002,"$3,673,273.00",23/10/2023,30/10/2025,Z686,CONTRACT,Engineer (all types),"$20,000.00",CASH_RETENTION,0,0,"-$5,500.00",$0.00,10/11/2023,27,9/11/2023,9/11/2023,9/11/2023
,P0002,"$3,673,273.00",23/10/2023,30/10/2025,E333,CONTRACT,Consultant (BCA),"$12,000.00",CASH_RETENTION,0,0,"-$10,494.90",$0.00,10/11/2023,87,23/10/2023,23/10/2023,30/10/2025
,P0002,"$3,673,273.00",23/10/2023,30/10/2025,O870,BUILDER,,"$3,673,273.00",CASH_RETENTION,,,"-$4,798.47",$0.00,10/11/2023,,23/10/2023,30/10/2025,30/10/2026
,P0002,"$3,673,273.00",23/10/2023,30/10/2025,,,,,,,,"$183,663.65",$0.00,2/11/2023,,,,
